district,borough,Category,Offense,felony_count
1,Manhattan,FELONY,ARSON,11
1,Manhattan,FELONY,BURGLARY,188
1,Manhattan,FELONY,CRIMINAL MISCHIEF & RELATED OF,102
1,Manhattan,FELONY,DANGEROUS DRUGS,90
1,Manhattan,FELONY,DANGEROUS WEAPONS,53
1,Manhattan,FELONY,FELONY ASSAULT,310
1,Manhattan,FELONY,FORGERY,45
1,Manhattan,FELONY,GRAND LARCENY,1070
1,Manhattan,FELONY,GRAND LARCENY OF MOTOR VEHICLE,55
1,Manhattan,FELONY,KIDNAPPING & RELATED OFFENSES,2
1,Manhattan,FELONY,MISCELLANEOUS PENAL LAW,127
1,Manhattan,FELONY,NYS LAWS-UNCLASSIFIED FELONY,4
1,Manhattan,FELONY,POSSESSION OF STOLEN PROPERTY,10
1,Manhattan,FELONY,RAPE,22
1,Manhattan,FELONY,ROBBERY,230
1,Manhattan,FELONY,SEX CRIMES,31
1,Manhattan,FELONY,THEFT-FRAUD,69
2,Manhattan,FELONY,ARSON,36
2,Manhattan,FELONY,BURGLARY,1352
2,Manhattan,FELONY,CRIMINAL MISCHIEF & RELATED OF,1068
2,Manhattan,FELONY,DANGEROUS DRUGS,329
2,Manhattan,FELONY,DANGEROUS WEAPONS,186
2,Manhattan,FELONY,ENDAN WELFARE INCOMP,3
2,Manhattan,FELONY,FELONY ASSAULT,1344
2,Manhattan,FELONY,FORGERY,625
2,Manhattan,FELONY,GRAND LARCENY,11342
2,Manhattan,FELONY,GRAND LARCENY OF MOTOR VEHICLE,289
2,Manhattan,FELONY,KIDNAPPING & RELATED OFFENSES,8
2,Manhattan,FELONY,MISCELLANEOUS PENAL LAW,674
2,Manhattan,FELONY,NYS LAWS-UNCLASSIFIED FELONY,192
2,Manhattan,FELONY,POSSESSION OF STOLEN PROPERTY,61
2,Manhattan,FELONY,PROSTITUTION & RELATED OFFENSES,4
2,Manhattan,FELONY,RAPE,140
2,Manhattan,FELONY,ROBBERY,1187
2,Manhattan,FELONY,SEX CRIMES,214
2,Manhattan,FELONY,THEFT-FRAUD,781
2,Manhattan,FELONY,ROBBERY,1
3,Manhattan,FELONY,ARSON,1
3,Manhattan,FELONY,ARSON,13
3,Manhattan,FELONY,BURGLARY,286
3,Manhattan,FELONY,CHILD ABANDONMENT/NON SUPPORT,2
3,Manhattan,FELONY,CRIMINAL MISCHIEF & RELATED OF,202
3,Manhattan,FELONY,DANGEROUS DRUGS,107
3,Manhattan,FELONY,DANGEROUS WEAPONS,57
3,Manhattan,FELONY,FELONY ASSAULT,420
3,Manhattan,FELONY,FORGERY,59
3,Manhattan,FELONY,GRAND LARCENY,1607
3,Manhattan,FELONY,GRAND LARCENY OF MOTOR VEHICLE,101
3,Manhattan,FELONY,KIDNAPPING & RELATED OFFENSES,4
3,Manhattan,FELONY,MISCELLANEOUS PENAL LAW,239
3,Manhattan,FELONY,NYS LAWS-UNCLASSIFIED FELONY,2
3,Manhattan,FELONY,POSSESSION OF STOLEN PROPERTY,14
3,Manhattan,FELONY,RAPE,21
3,Manhattan,FELONY,ROBBERY,426
3,Manhattan,FELONY,SEX CRIMES,38
3,Manhattan,FELONY,THEFT-FRAUD,153
4,Manhattan,FELONY,DANGEROUS DRUGS,1
4,Manhattan,FELONY,ARSON,20
4,Manhattan,FELONY,BURGLARY,119
4,Manhattan,FELONY,CRIMINAL MISCHIEF & RELATED OF,141
4,Manhattan,FELONY,DANGEROUS DRUGS,124
4,Manhattan,FELONY,DANGEROUS WEAPONS,122
4,Manhattan,FELONY,ENDAN WELFARE INCOMP,1
4,Manhattan,FELONY,FELONY ASSAULT,480
4,Manhattan,FELONY,FELONY SEX CRIMES,1
4,Manhattan,FELONY,FORGERY,92
4,Manhattan,FELONY,GRAND LARCENY,531
4,Manhattan,FELONY,GRAND LARCENY OF MOTOR VEHICLE,23
4,Manhattan,FELONY,KIDNAPPING & RELATED OFFENSES,2
4,Manhattan,FELONY,MISCELLANEOUS PENAL LAW,260
4,Manhattan,FELONY,NYS LAWS-UNCLASSIFIED FELONY,34
4,Manhattan,FELONY,POSSESSION OF STOLEN PROPERTY,15
4,Manhattan,FELONY,RAPE,43
4,Manhattan,FELONY,ROBBERY,236
4,Manhattan,FELONY,SEX CRIMES,61
4,Manhattan,FELONY,THEFT-FRAUD,59
4,Manhattan,FELONY,SEX CRIMES,1
5,Manhattan,FELONY,NYS LAWS-UNCLASSIFIED FELONY,1
5,Manhattan,FELONY,ARSON,23
5,Manhattan,FELONY,BURGLARY,240
5,Manhattan,FELONY,CRIMINAL MISCHIEF & RELATED OF,294
5,Manhattan,FELONY,DANGEROUS DRUGS,220
5,Manhattan,FELONY,DANGEROUS WEAPONS,136
5,Manhattan,FELONY,FELONY ASSAULT,711
5,Manhattan,FELONY,FORGERY,231
5,Manhattan,FELONY,GRAND LARCENY,889
5,Manhattan,FELONY,GRAND LARCENY OF MOTOR VEHICLE,77
5,Manhattan,FELONY,KIDNAPPING & RELATED OFFENSES,2
5,Manhattan,FELONY,MISCELLANEOUS PENAL LAW,375
5,Manhattan,FELONY,NYS LAWS-UNCLASSIFIED FELONY,15
5,Manhattan,FELONY,OTHER STATE LAWS (NON PENAL LA,1
5,Manhattan,FELONY,POSSESSION OF STOLEN PROPERTY,32
5,Manhattan,FELONY,RAPE,44
5,Manhattan,FELONY,ROBBERY,460
5,Manhattan,FELONY,SEX CRIMES,45
5,Manhattan,FELONY,THEFT-FRAUD,82
6,Manhattan,FELONY,ARSON,19
6,Manhattan,FELONY,BURGLARY,301
6,Manhattan,FELONY,CRIMINAL MISCHIEF & RELATED OF,242
6,Manhattan,FELONY,DANGEROUS DRUGS,159
6,Manhattan,FELONY,DANGEROUS WEAPONS,105
6,Manhattan,FELONY,ENDAN WELFARE INCOMP,2
6,Manhattan,FELONY,FELONY ASSAULT,642
6,Manhattan,FELONY,FORGERY,107
6,Manhattan,FELONY,GRAND LARCENY,1099
6,Manhattan,FELONY,GRAND LARCENY OF MOTOR VEHICLE,126
6,Manhattan,FELONY,"HOMICIDE-NEGLIGENT,UNCLASSIFIE",1
6,Manhattan,FELONY,HOMICIDE-NEGLIGENT-VEHICLE,1
6,Manhattan,FELONY,KIDNAPPING & RELATED OFFENSES,5
6,Manhattan,FELONY,MISCELLANEOUS PENAL LAW,298
6,Manhattan,FELONY,NYS LAWS-UNCLASSIFIED FELONY,18
6,Manhattan,FELONY,OTHER STATE LAWS (NON PENAL LA,1
6,Manhattan,FELONY,POSSESSION OF STOLEN PROPERTY,24
6,Manhattan,FELONY,RAPE,53
6,Manhattan,FELONY,ROBBERY,561
6,Manhattan,FELONY,SEX CRIMES,61
6,Manhattan,FELONY,THEFT-FRAUD,135
7,Bronx,FELONY,ARSON,49
7,Bronx,FELONY,BURGLARY,269
7,Bronx,FELONY,CHILD ABANDONMENT/NON SUPPORT,3
7,Bronx,FELONY,CRIMINAL MISCHIEF & RELATED OF,313
7,Bronx,FELONY,DANGEROUS DRUGS,299
7,Bronx,FELONY,DANGEROUS WEAPONS,137
7,Bronx,FELONY,ENDAN WELFARE INCOMP,1
7,Bronx,FELONY,FELONY ASSAULT,930
7,Bronx,FELONY,FORGERY,123
7,Bronx,FELONY,GRAND LARCENY,779
7,Bronx,FELONY,GRAND LARCENY OF MOTOR VEHICLE,136
7,Bronx,FELONY,MISCELLANEOUS PENAL LAW,383
7,Bronx,FELONY,NYS LAWS-UNCLASSIFIED FELONY,21
7,Bronx,FELONY,POSSESSION OF STOLEN PROPERTY,26
7,Bronx,FELONY,PROSTITUTION & RELATED OFFENSES,2
7,Bronx,FELONY,RAPE,51
7,Bronx,FELONY,ROBBERY,533
7,Bronx,FELONY,SEX CRIMES,64
7,Bronx,FELONY,THEFT-FRAUD,51
7,Bronx,FELONY,FELONY ASSAULT,4
7,Bronx,FELONY,MISCELLANEOUS PENAL LAW,3
7,Bronx,FELONY,FELONY ASSAULT,48
7,Bronx,FELONY,MISCELLANEOUS PENAL LAW,16
7,Bronx,FELONY,SEX CRIMES,2
7,Bronx,FELONY,ARSON,1
7,Bronx,FELONY,FELONY ASSAULT,2
7,Bronx,FELONY,SEX CRIMES,1
7,Bronx,FELONY,FELONY ASSAULT,3
8,Bronx,FELONY,ARSON,40
8,Bronx,FELONY,BURGLARY,256
8,Bronx,FELONY,CHILD ABANDONMENT/NON SUPPORT,2
8,Bronx,FELONY,CRIMINAL MISCHIEF & RELATED OF,308
8,Bronx,FELONY,DANGEROUS DRUGS,162
8,Bronx,FELONY,DANGEROUS WEAPONS,109
8,Bronx,FELONY,ENDAN WELFARE INCOMP,1
8,Bronx,FELONY,FELONY ASSAULT,709
8,Bronx,FELONY,FELONY SEX CRIMES,1
8,Bronx,FELONY,FORGERY,79
8,Bronx,FELONY,GRAND LARCENY,851
8,Bronx,FELONY,GRAND LARCENY OF MOTOR VEHICLE,198
8,Bronx,FELONY,KIDNAPPING,1
8,Bronx,FELONY,KIDNAPPING & RELATED OFFENSES,6
8,Bronx,FELONY,MISCELLANEOUS PENAL LAW,232
8,Bronx,FELONY,NYS LAWS-UNCLASSIFIED FELONY,13
8,Bronx,FELONY,POSSESSION OF STOLEN PROPERTY,14
8,Bronx,FELONY,RAPE,94
8,Bronx,FELONY,ROBBERY,376
8,Bronx,FELONY,SEX CRIMES,65
8,Bronx,FELONY,THEFT-FRAUD,48
8,Bronx,FELONY,FELONY ASSAULT,1
9,Bronx,FELONY,ARSON,38
9,Bronx,FELONY,BURGLARY,382
9,Bronx,FELONY,CHILD ABANDONMENT/NON SUPPORT,1
9,Bronx,FELONY,CRIMINAL MISCHIEF & RELATED OF,457
9,Bronx,FELONY,DANGEROUS DRUGS,286
9,Bronx,FELONY,DANGEROUS WEAPONS,173
9,Bronx,FELONY,FELONY ASSAULT,1261
9,Bronx,FELONY,FORGERY,266
9,Bronx,FELONY,GRAND LARCENY,1052
9,Bronx,FELONY,GRAND LARCENY OF MOTOR VEHICLE,179
9,Bronx,FELONY,"HOMICIDE-NEGLIGENT,UNCLASSIFIE",1
9,Bronx,FELONY,KIDNAPPING,3
9,Bronx,FELONY,KIDNAPPING & RELATED OFFENSES,7
9,Bronx,FELONY,MISCELLANEOUS PENAL LAW,396
9,Bronx,FELONY,NYS LAWS-UNCLASSIFIED FELONY,17
9,Bronx,FELONY,POSSESSION OF STOLEN PROPERTY,25
9,Bronx,FELONY,PROSTITUTION & RELATED OFFENSES,1
9,Bronx,FELONY,RAPE,80
9,Bronx,FELONY,ROBBERY,661
9,Bronx,FELONY,SEX CRIMES,76
9,Bronx,FELONY,THEFT-FRAUD,88
10,Bronx,FELONY,ARSON,25
10,Bronx,FELONY,BURGLARY,480
10,Bronx,FELONY,CHILD ABANDONMENT/NON SUPPORT,1
10,Bronx,FELONY,CRIMINAL MISCHIEF & RELATED OF,523
10,Bronx,FELONY,DANGEROUS DRUGS,510
10,Bronx,FELONY,DANGEROUS WEAPONS,214
10,Bronx,FELONY,ENDAN WELFARE INCOMP,3
10,Bronx,FELONY,FELONY ASSAULT,1234
10,Bronx,FELONY,FELONY SEX CRIMES,3
10,Bronx,FELONY,FORGERY,181
10,Bronx,FELONY,GRAND LARCENY,1781
10,Bronx,FELONY,GRAND LARCENY OF MOTOR VEHICLE,261
10,Bronx,FELONY,"HOMICIDE-NEGLIGENT,UNCLASSIFIE",2
10,Bronx,FELONY,HOMICIDE-NEGLIGENT-VEHICLE,1
10,Bronx,FELONY,INTOXICATED/IMPAIRED DRIVING,2
10,Bronx,FELONY,KIDNAPPING & RELATED OFFENSES,3
10,Bronx,FELONY,MISCELLANEOUS PENAL LAW,449
10,Bronx,FELONY,NYS LAWS-UNCLASSIFIED FELONY,20
10,Bronx,FELONY,OTHER STATE LAWS (NON PENAL LA,3
10,Bronx,FELONY,POSSESSION OF STOLEN PROPERTY,42
10,Bronx,FELONY,PROSTITUTION & RELATED OFFENSES,2
10,Bronx,FELONY,RAPE,89
10,Bronx,FELONY,ROBBERY,864
10,Bronx,FELONY,SEX CRIMES,73
10,Bronx,FELONY,THEFT-FRAUD,96
10,Bronx,FELONY,CRIMINAL MISCHIEF & RELATED OF,1
10,Bronx,FELONY,GRAND LARCENY,1
11,Bronx,FELONY,ARSON,37
11,Bronx,FELONY,BURGLARY,419
11,Bronx,FELONY,CRIMINAL MISCHIEF & RELATED OF,302
11,Bronx,FELONY,DANGEROUS DRUGS,176
11,Bronx,FELONY,DANGEROUS WEAPONS,150
11,Bronx,FELONY,ENDAN WELFARE INCOMP,1
11,Bronx,FELONY,FELONY ASSAULT,1105
11,Bronx,FELONY,FORGERY,155
11,Bronx,FELONY,GRAND LARCENY,1265
11,Bronx,FELONY,GRAND LARCENY OF MOTOR VEHICLE,337
11,Bronx,FELONY,KIDNAPPING & RELATED OFFENSES,8
11,Bronx,FELONY,MISCELLANEOUS PENAL LAW,425
11,Bronx,FELONY,NYS LAWS-UNCLASSIFIED FELONY,38
11,Bronx,FELONY,POSSESSION OF STOLEN PROPERTY,22
11,Bronx,FELONY,RAPE,80
11,Bronx,FELONY,ROBBERY,621
11,Bronx,FELONY,SEX CRIMES,48
11,Bronx,FELONY,THEFT-FRAUD,63
12,Bronx,FELONY,ARSON,26
12,Bronx,FELONY,BURGLARY,196
12,Bronx,FELONY,CHILD ABANDONMENT/NON SUPPORT,1
12,Bronx,FELONY,CRIMINAL MISCHIEF & RELATED OF,264
12,Bronx,FELONY,DANGEROUS DRUGS,226
12,Bronx,FELONY,DANGEROUS WEAPONS,124
12,Bronx,FELONY,FELONY ASSAULT,648
12,Bronx,FELONY,FORGERY,60
12,Bronx,FELONY,GRAND LARCENY,642
12,Bronx,FELONY,GRAND LARCENY OF MOTOR VEHICLE,146
12,Bronx,FELONY,"HOMICIDE-NEGLIGENT,UNCLASSIFIE",1
12,Bronx,FELONY,KIDNAPPING & RELATED OFFENSES,3
12,Bronx,FELONY,MISCELLANEOUS PENAL LAW,208
12,Bronx,FELONY,NYS LAWS-UNCLASSIFIED FELONY,15
12,Bronx,FELONY,POSSESSION OF STOLEN PROPERTY,18
12,Bronx,FELONY,ROBBERY,474
12,Bronx,FELONY,THEFT-FRAUD,42
13,Brooklyn,FELONY,ARSON,14
13,Brooklyn,FELONY,BURGLARY,421
13,Brooklyn,FELONY,CHILD ABANDONMENT/NON SUPPORT,1
13,Brooklyn,FELONY,CRIMINAL MISCHIEF & RELATED OF,307
13,Brooklyn,FELONY,DANGEROUS DRUGS,130
13,Brooklyn,FELONY,DANGEROUS WEAPONS,121
13,Brooklyn,FELONY,FELONY ASSAULT,578
13,Brooklyn,FELONY,FORGERY,178
13,Brooklyn,FELONY,GRAND LARCENY,1496
13,Brooklyn,FELONY,GRAND LARCENY OF MOTOR VEHICLE,138
13,Brooklyn,FELONY,KIDNAPPING & RELATED OFFENSES,4
13,Brooklyn,FELONY,MISCELLANEOUS PENAL LAW,444
13,Brooklyn,FELONY,NYS LAWS-UNCLASSIFIED FELONY,13
13,Brooklyn,FELONY,OTHER STATE LAWS (NON PENAL LA,4
13,Brooklyn,FELONY,POSSESSION OF STOLEN PROPERTY,18
13,Brooklyn,FELONY,PROSTITUTION & RELATED OFFENSES,1
13,Brooklyn,FELONY,RAPE,32
13,Brooklyn,FELONY,ROBBERY,443
13,Brooklyn,FELONY,SEX CRIMES,27
13,Brooklyn,FELONY,THEFT-FRAUD,140
14,Brooklyn,FELONY,ARSON,22
14,Brooklyn,FELONY,BURGLARY,375
14,Brooklyn,FELONY,CRIMINAL MISCHIEF & RELATED OF,317
14,Brooklyn,FELONY,DANGEROUS DRUGS,288
14,Brooklyn,FELONY,DANGEROUS WEAPONS,208
14,Brooklyn,FELONY,FELONY ASSAULT,460
14,Brooklyn,FELONY,FORGERY,112
14,Brooklyn,FELONY,GRAND LARCENY,1172
14,Brooklyn,FELONY,GRAND LARCENY OF MOTOR VEHICLE,185
14,Brooklyn,FELONY,KIDNAPPING & RELATED OFFENSES,2
14,Brooklyn,FELONY,MISCELLANEOUS PENAL LAW,449
14,Brooklyn,FELONY,NYS LAWS-UNCLASSIFIED FELONY,14
14,Brooklyn,FELONY,OTHER STATE LAWS (NON PENAL LA,5
14,Brooklyn,FELONY,POSSESSION OF STOLEN PROPERTY,25
14,Brooklyn,FELONY,RAPE,28
14,Brooklyn,FELONY,ROBBERY,322
14,Brooklyn,FELONY,SEX CRIMES,21
14,Brooklyn,FELONY,THEFT-FRAUD,117
14,Brooklyn,FELONY,GRAND LARCENY OF MOTOR VEHICLE,1
15,Brooklyn,FELONY,ARSON,12
15,Brooklyn,FELONY,BURGLARY,354
15,Brooklyn,FELONY,CRIMINAL MISCHIEF & RELATED OF,346
15,Brooklyn,FELONY,DANGEROUS DRUGS,130
15,Brooklyn,FELONY,DANGEROUS WEAPONS,91
15,Brooklyn,FELONY,FELONY ASSAULT,399
15,Brooklyn,FELONY,FORGERY,158
15,Brooklyn,FELONY,GRAND LARCENY,1279
15,Brooklyn,FELONY,GRAND LARCENY OF MOTOR VEHICLE,125
15,Brooklyn,FELONY,KIDNAPPING & RELATED OFFENSES,4
15,Brooklyn,FELONY,MISCELLANEOUS PENAL LAW,408
15,Brooklyn,FELONY,NYS LAWS-UNCLASSIFIED FELONY,6
15,Brooklyn,FELONY,OTHER STATE LAWS (NON PENAL LA,1
15,Brooklyn,FELONY,POSSESSION OF STOLEN PROPERTY,18
15,Brooklyn,FELONY,RAPE,33
15,Brooklyn,FELONY,ROBBERY,327
15,Brooklyn,FELONY,SEX CRIMES,23
15,Brooklyn,FELONY,THEFT-FRAUD,132
16,Brooklyn,FELONY,ROBBERY,1
16,Brooklyn,FELONY,ARSON,13
16,Brooklyn,FELONY,BURGLARY,259
16,Brooklyn,FELONY,CHILD ABANDONMENT/NON SUPPORT,1
16,Brooklyn,FELONY,CRIMINAL MISCHIEF & RELATED OF,162
16,Brooklyn,FELONY,DANGEROUS DRUGS,82
16,Brooklyn,FELONY,DANGEROUS WEAPONS,128
16,Brooklyn,FELONY,FELONY ASSAULT,366
16,Brooklyn,FELONY,FORGERY,93
16,Brooklyn,FELONY,GRAND LARCENY,501
16,Brooklyn,FELONY,GRAND LARCENY OF MOTOR VEHICLE,92
16,Brooklyn,FELONY,KIDNAPPING & RELATED OFFENSES,3
16,Brooklyn,FELONY,MISCELLANEOUS PENAL LAW,347
16,Brooklyn,FELONY,NYS LAWS-UNCLASSIFIED FELONY,11
16,Brooklyn,FELONY,OTHER STATE LAWS (NON PENAL LA,1
16,Brooklyn,FELONY,POSSESSION OF STOLEN PROPERTY,11
16,Brooklyn,FELONY,PROSTITUTION & RELATED OFFENSES,1
16,Brooklyn,FELONY,RAPE,61
16,Brooklyn,FELONY,ROBBERY,245
16,Brooklyn,FELONY,SEX CRIMES,50
16,Brooklyn,FELONY,THEFT-FRAUD,45
17,Brooklyn,FELONY,CRIMINAL MISCHIEF & RELATED OF,1
17,Brooklyn,FELONY,FELONY ASSAULT,1
17,Brooklyn,FELONY,ARSON,16
17,Brooklyn,FELONY,BURGLARY,282
17,Brooklyn,FELONY,CRIMINAL MISCHIEF & RELATED OF,405
17,Brooklyn,FELONY,DANGEROUS DRUGS,169
17,Brooklyn,FELONY,DANGEROUS WEAPONS,301
17,Brooklyn,FELONY,FELONY ASSAULT,688
17,Brooklyn,FELONY,FORGERY,307
17,Brooklyn,FELONY,GAMBLING,2
17,Brooklyn,FELONY,GRAND LARCENY,977
17,Brooklyn,FELONY,GRAND LARCENY OF MOTOR VEHICLE,186
17,Brooklyn,FELONY,KIDNAPPING & RELATED OFFENSES,1
17,Brooklyn,FELONY,MISCELLANEOUS PENAL LAW,675
17,Brooklyn,FELONY,NYS LAWS-UNCLASSIFIED FELONY,16
17,Brooklyn,FELONY,OTHER STATE LAWS (NON PENAL LA,3
17,Brooklyn,FELONY,POSSESSION OF STOLEN PROPERTY,35
17,Brooklyn,FELONY,PROSTITUTION & RELATED OFFENSES,1
17,Brooklyn,FELONY,RAPE,71
17,Brooklyn,FELONY,ROBBERY,485
17,Brooklyn,FELONY,SEX CRIMES,42
17,Brooklyn,FELONY,THEFT-FRAUD,119
18,Brooklyn,FELONY,ARSON,15
18,Brooklyn,FELONY,BURGLARY,139
18,Brooklyn,FELONY,CRIMINAL MISCHIEF & RELATED OF,222
18,Brooklyn,FELONY,DANGEROUS DRUGS,52
18,Brooklyn,FELONY,DANGEROUS WEAPONS,148
18,Brooklyn,FELONY,FELONY ASSAULT,431
18,Brooklyn,FELONY,FORGERY,140
18,Brooklyn,FELONY,GAMBLING,2
18,Brooklyn,FELONY,GRAND LARCENY,564
18,Brooklyn,FELONY,GRAND LARCENY OF MOTOR VEHICLE,156
18,Brooklyn,FELONY,KIDNAPPING,2
18,Brooklyn,FELONY,KIDNAPPING & RELATED OFFENSES,3
18,Brooklyn,FELONY,MISCELLANEOUS PENAL LAW,368
18,Brooklyn,FELONY,NYS LAWS-UNCLASSIFIED FELONY,13
18,Brooklyn,FELONY,POSSESSION OF STOLEN PROPERTY,25
18,Brooklyn,FELONY,RAPE,25
18,Brooklyn,FELONY,ROBBERY,188
18,Brooklyn,FELONY,SEX CRIMES,10
18,Brooklyn,FELONY,THEFT-FRAUD,55
19,Brooklyn,FELONY,ARSON,43
19,Brooklyn,FELONY,BURGLARY,476
19,Brooklyn,FELONY,CRIMINAL MISCHIEF & RELATED OF,441
19,Brooklyn,FELONY,DANGEROUS DRUGS,181
19,Brooklyn,FELONY,DANGEROUS WEAPONS,242
19,Brooklyn,FELONY,FELONY ASSAULT,960
19,Brooklyn,FELONY,FORGERY,219
19,Brooklyn,FELONY,GRAND LARCENY,1044
19,Brooklyn,FELONY,GRAND LARCENY OF MOTOR VEHICLE,297
19,Brooklyn,FELONY,INTOXICATED/IMPAIRED DRIVING,1
19,Brooklyn,FELONY,KIDNAPPING,2
19,Brooklyn,FELONY,KIDNAPPING & RELATED OFFENSES,5
19,Brooklyn,FELONY,MISCELLANEOUS PENAL LAW,591
19,Brooklyn,FELONY,NYS LAWS-UNCLASSIFIED FELONY,41
19,Brooklyn,FELONY,OTHER STATE LAWS (NON PENAL LA,1
19,Brooklyn,FELONY,POSSESSION OF STOLEN PROPERTY,47
19,Brooklyn,FELONY,PROSTITUTION & RELATED OFFENSES,7
19,Brooklyn,FELONY,RAPE,93
19,Brooklyn,FELONY,ROBBERY,686
19,Brooklyn,FELONY,SEX CRIMES,49
19,Brooklyn,FELONY,THEFT-FRAUD,50
19,Brooklyn,FELONY,ARSON,1
19,Brooklyn,FELONY,FELONY ASSAULT,1
19,Brooklyn,FELONY,GRAND LARCENY,2
19,Brooklyn,FELONY,GRAND LARCENY OF MOTOR VEHICLE,1
19,Brooklyn,FELONY,THEFT-FRAUD,1
20,Brooklyn,FELONY,ARSON,16
20,Brooklyn,FELONY,BURGLARY,296
20,Brooklyn,FELONY,CRIMINAL MISCHIEF & RELATED OF,351
20,Brooklyn,FELONY,DANGEROUS DRUGS,187
20,Brooklyn,FELONY,DANGEROUS WEAPONS,130
20,Brooklyn,FELONY,FELONY ASSAULT,350
20,Brooklyn,FELONY,FORGERY,90
20,Brooklyn,FELONY,GAMBLING,3
20,Brooklyn,FELONY,GRAND LARCENY,1087
20,Brooklyn,FELONY,GRAND LARCENY OF MOTOR VEHICLE,164
20,Brooklyn,FELONY,HOMICIDE-NEGLIGENT-VEHICLE,1
20,Brooklyn,FELONY,KIDNAPPING & RELATED OFFENSES,4
20,Brooklyn,FELONY,KIDNAPPING AND RELATED OFFENSES,1
20,Brooklyn,FELONY,MISCELLANEOUS PENAL LAW,409
20,Brooklyn,FELONY,NYS LAWS-UNCLASSIFIED FELONY,7
20,Brooklyn,FELONY,OTHER STATE LAWS (NON PENAL LA,7
20,Brooklyn,FELONY,POSSESSION OF STOLEN PROPERTY,19
20,Brooklyn,FELONY,PROSTITUTION & RELATED OFFENSES,1
20,Brooklyn,FELONY,RAPE,57
20,Brooklyn,FELONY,ROBBERY,268
20,Brooklyn,FELONY,SEX CRIMES,30
20,Brooklyn,FELONY,THEFT-FRAUD,96
20,Brooklyn,FELONY,BURGLARY,1
21,Brooklyn,FELONY,ARSON,13
21,Brooklyn,FELONY,BURGLARY,265
21,Brooklyn,FELONY,CHILD ABANDONMENT/NON SUPPORT,1
21,Brooklyn,FELONY,CRIMINAL MISCHIEF & RELATED OF,260
21,Brooklyn,FELONY,DANGEROUS DRUGS,178
21,Brooklyn,FELONY,DANGEROUS WEAPONS,134
21,Brooklyn,FELONY,FELONY ASSAULT,394
21,Brooklyn,FELONY,FORGERY,106
21,Brooklyn,FELONY,GRAND LARCENY,1011
21,Brooklyn,FELONY,GRAND LARCENY OF MOTOR VEHICLE,105
21,Brooklyn,FELONY,KIDNAPPING & RELATED OFFENSES,1
21,Brooklyn,FELONY,MISCELLANEOUS PENAL LAW,432
21,Brooklyn,FELONY,NYS LAWS-UNCLASSIFIED FELONY,16
21,Brooklyn,FELONY,OTHER STATE LAWS (NON PENAL LA,1
21,Brooklyn,FELONY,POSSESSION OF STOLEN PROPERTY,13
21,Brooklyn,FELONY,PROSTITUTION & RELATED OFFENSES,1
21,Brooklyn,FELONY,RAPE,36
21,Brooklyn,FELONY,ROBBERY,227
21,Brooklyn,FELONY,SEX CRIMES,32
21,Brooklyn,FELONY,THEFT-FRAUD,108
22,Brooklyn,FELONY,GRAND LARCENY,1
22,Brooklyn,FELONY,ARSON,11
22,Brooklyn,FELONY,BURGLARY,308
22,Brooklyn,FELONY,CRIMINAL MISCHIEF & RELATED OF,397
22,Brooklyn,FELONY,DANGEROUS DRUGS,78
22,Brooklyn,FELONY,DANGEROUS WEAPONS,167
22,Brooklyn,FELONY,FELONY ASSAULT,521
22,Brooklyn,FELONY,FORGERY,258
22,Brooklyn,FELONY,GRAND LARCENY,1329
22,Brooklyn,FELONY,GRAND LARCENY OF MOTOR VEHICLE,158
22,Brooklyn,FELONY,KIDNAPPING & RELATED OFFENSES,2
22,Brooklyn,FELONY,MISCELLANEOUS PENAL LAW,538
22,Brooklyn,FELONY,NYS LAWS-UNCLASSIFIED FELONY,12
22,Brooklyn,FELONY,POSSESSION OF STOLEN PROPERTY,15
22,Brooklyn,FELONY,RAPE,48
22,Brooklyn,FELONY,ROBBERY,313
22,Brooklyn,FELONY,SEX CRIMES,40
22,Brooklyn,FELONY,THEFT-FRAUD,153
23,Brooklyn,FELONY,ARSON,16
23,Brooklyn,FELONY,BURGLARY,159
23,Brooklyn,FELONY,CRIMINAL MISCHIEF & RELATED OF,222
23,Brooklyn,FELONY,DANGEROUS DRUGS,127
23,Brooklyn,FELONY,DANGEROUS WEAPONS,177
23,Brooklyn,FELONY,FELONY ASSAULT,542
23,Brooklyn,FELONY,FORGERY,138
23,Brooklyn,FELONY,GRAND LARCENY,345
23,Brooklyn,FELONY,GRAND LARCENY OF MOTOR VEHICLE,61
23,Brooklyn,FELONY,"HOMICIDE-NEGLIGENT,UNCLASSIFIE",1
23,Brooklyn,FELONY,KIDNAPPING,1
23,Brooklyn,FELONY,KIDNAPPING & RELATED OFFENSES,3
23,Brooklyn,FELONY,MISCELLANEOUS PENAL LAW,446
23,Brooklyn,FELONY,NYS LAWS-UNCLASSIFIED FELONY,19
23,Brooklyn,FELONY,OTHER STATE LAWS (NON PENAL LA,1
23,Brooklyn,FELONY,POSSESSION OF STOLEN PROPERTY,23
23,Brooklyn,FELONY,PROSTITUTION & RELATED OFFENSES,2
23,Brooklyn,FELONY,RAPE,48
23,Brooklyn,FELONY,ROBBERY,251
23,Brooklyn,FELONY,SEX CRIMES,25
23,Brooklyn,FELONY,THEFT-FRAUD,38
24,Queens,FELONY,CRIMINAL MISCHIEF & RELATED OF,1
24,Queens,FELONY,BURGLARY,2
24,Queens,FELONY,DANGEROUS DRUGS,1
24,Queens,FELONY,FELONY ASSAULT,7
24,Queens,FELONY,GRAND LARCENY,4
24,Queens,FELONY,GRAND LARCENY OF MOTOR VEHICLE,3
24,Queens,FELONY,MISCELLANEOUS PENAL LAW,4
24,Queens,FELONY,PROSTITUTION & RELATED OFFENSES,1
24,Queens,FELONY,ROBBERY,6
24,Queens,FELONY,THEFT-FRAUD,1
24,Queens,FELONY,ARSON,21
24,Queens,FELONY,BURGLARY,372
24,Queens,FELONY,CRIMINAL MISCHIEF & RELATED OF,444
24,Queens,FELONY,DANGEROUS DRUGS,124
24,Queens,FELONY,DANGEROUS WEAPONS,30
24,Queens,FELONY,FELONY ASSAULT,691
24,Queens,FELONY,FORGERY,136
24,Queens,FELONY,GRAND LARCENY,1519
24,Queens,FELONY,GRAND LARCENY OF MOTOR VEHICLE,279
24,Queens,FELONY,KIDNAPPING,2
24,Queens,FELONY,KIDNAPPING & RELATED OFFENSES,4
24,Queens,FELONY,MISCELLANEOUS PENAL LAW,428
24,Queens,FELONY,NYS LAWS-UNCLASSIFIED FELONY,11
24,Queens,FELONY,POSSESSION OF STOLEN PROPERTY,17
24,Queens,FELONY,RAPE,62
24,Queens,FELONY,ROBBERY,582
24,Queens,FELONY,SEX CRIMES,36
24,Queens,FELONY,THEFT-FRAUD,101
25,Queens,FELONY,ARSON,15
25,Queens,FELONY,BURGLARY,472
25,Queens,FELONY,CHILD ABANDONMENT/NON SUPPORT,1
25,Queens,FELONY,CRIMINAL MISCHIEF & RELATED OF,303
25,Queens,FELONY,DANGEROUS DRUGS,77
25,Queens,FELONY,DANGEROUS WEAPONS,44
25,Queens,FELONY,ENDAN WELFARE INCOMP,1
25,Queens,FELONY,FELONY ASSAULT,385
25,Queens,FELONY,FORGERY,69
25,Queens,FELONY,GRAND LARCENY,1170
25,Queens,FELONY,GRAND LARCENY OF MOTOR VEHICLE,134
25,Queens,FELONY,MISCELLANEOUS PENAL LAW,322
25,Queens,FELONY,NYS LAWS-UNCLASSIFIED FELONY,4
25,Queens,FELONY,OTHER STATE LAWS (NON PENAL LA,2
25,Queens,FELONY,POSSESSION OF STOLEN PROPERTY,6
25,Queens,FELONY,PROSTITUTION & RELATED OFFENSES,3
25,Queens,FELONY,RAPE,65
25,Queens,FELONY,ROBBERY,264
25,Queens,FELONY,SEX CRIMES,37
25,Queens,FELONY,THEFT-FRAUD,79
26,Queens,FELONY,GRAND LARCENY,1
26,Queens,FELONY,ARSON,5
26,Queens,FELONY,BURGLARY,258
26,Queens,FELONY,CRIMINAL MISCHIEF & RELATED OF,174
26,Queens,FELONY,DANGEROUS DRUGS,20
26,Queens,FELONY,DANGEROUS WEAPONS,5
26,Queens,FELONY,FELONY ASSAULT,133
26,Queens,FELONY,FORGERY,31
26,Queens,FELONY,GRAND LARCENY,626
26,Queens,FELONY,GRAND LARCENY OF MOTOR VEHICLE,76
26,Queens,FELONY,MISCELLANEOUS PENAL LAW,104
26,Queens,FELONY,NYS LAWS-UNCLASSIFIED FELONY,1
26,Queens,FELONY,POSSESSION OF STOLEN PROPERTY,5
26,Queens,FELONY,RAPE,7
26,Queens,FELONY,ROBBERY,58
26,Queens,FELONY,SEX CRIMES,9
26,Queens,FELONY,THEFT-FRAUD,80
27,Queens,FELONY,CRIMINAL MISCHIEF & RELATED OF,1
27,Queens,FELONY,DANGEROUS DRUGS,2
27,Queens,FELONY,FELONY ASSAULT,4
27,Queens,FELONY,FORGERY,1
27,Queens,FELONY,GRAND LARCENY,2
27,Queens,FELONY,GRAND LARCENY OF MOTOR VEHICLE,2
27,Queens,FELONY,MISCELLANEOUS PENAL LAW,2
27,Queens,FELONY,ROBBERY,8
27,Queens,FELONY,ARSON,30
27,Queens,FELONY,BURGLARY,374
27,Queens,FELONY,CRIMINAL MISCHIEF & RELATED OF,728
27,Queens,FELONY,DANGEROUS DRUGS,167
27,Queens,FELONY,DANGEROUS WEAPONS,161
27,Queens,FELONY,FELONY ASSAULT,955
27,Queens,FELONY,FELONY SEX CRIMES,2
27,Queens,FELONY,FORGERY,132
27,Queens,FELONY,GRAND LARCENY,1126
27,Queens,FELONY,GRAND LARCENY OF MOTOR VEHICLE,269
27,Queens,FELONY,KIDNAPPING,1
27,Queens,FELONY,KIDNAPPING & RELATED OFFENSES,5
27,Queens,FELONY,MISCELLANEOUS PENAL LAW,966
27,Queens,FELONY,NYS LAWS-UNCLASSIFIED FELONY,11
27,Queens,FELONY,OTHER STATE LAWS (NON PENAL LA,1
27,Queens,FELONY,POSSESSION OF STOLEN PROPERTY,23
27,Queens,FELONY,RAPE,85
27,Queens,FELONY,ROBBERY,427
27,Queens,FELONY,SEX CRIMES,60
27,Queens,FELONY,THEFT-FRAUD,201
28,Queens,FELONY,THEFT-FRAUD,1
28,Queens,FELONY,ARSON,23
28,Queens,FELONY,BURGLARY,258
28,Queens,FELONY,CRIMINAL MISCHIEF & RELATED OF,405
28,Queens,FELONY,DANGEROUS DRUGS,147
28,Queens,FELONY,DANGEROUS WEAPONS,136
28,Queens,FELONY,FELONY ASSAULT,624
28,Queens,FELONY,FORGERY,144
28,Queens,FELONY,GRAND LARCENY,980
28,Queens,FELONY,GRAND LARCENY OF MOTOR VEHICLE,194
28,Queens,FELONY,"HOMICIDE-NEGLIGENT,UNCLASSIFIE",1
28,Queens,FELONY,KIDNAPPING & RELATED OFFENSES,9
28,Queens,FELONY,MISCELLANEOUS PENAL LAW,478
28,Queens,FELONY,NYS LAWS-UNCLASSIFIED FELONY,14
28,Queens,FELONY,OTHER STATE LAWS (NON PENAL LA,1
28,Queens,FELONY,POSSESSION OF STOLEN PROPERTY,26
28,Queens,FELONY,PROSTITUTION & RELATED OFFENSES,3
28,Queens,FELONY,RAPE,45
28,Queens,FELONY,ROBBERY,374
28,Queens,FELONY,SEX CRIMES,35
28,Queens,FELONY,THEFT-FRAUD,152
29,Queens,FELONY,ARSON,18
29,Queens,FELONY,BURGLARY,352
29,Queens,FELONY,CRIMINAL MISCHIEF & RELATED OF,513
29,Queens,FELONY,DANGEROUS DRUGS,60
29,Queens,FELONY,DANGEROUS WEAPONS,103
29,Queens,FELONY,FELONY ASSAULT,686
29,Queens,FELONY,FORGERY,148
29,Queens,FELONY,GRAND LARCENY,964
29,Queens,FELONY,GRAND LARCENY OF MOTOR VEHICLE,299
29,Queens,FELONY,KIDNAPPING & RELATED OFFENSES,1
29,Queens,FELONY,MISCELLANEOUS PENAL LAW,571
29,Queens,FELONY,NYS LAWS-UNCLASSIFIED FELONY,8
29,Queens,FELONY,OTHER STATE LAWS (NON PENAL LA,1
29,Queens,FELONY,POSSESSION OF STOLEN PROPERTY,34
29,Queens,FELONY,PROSTITUTION & RELATED OFFENSES,2
29,Queens,FELONY,RAPE,56
29,Queens,FELONY,ROBBERY,374
29,Queens,FELONY,SEX CRIMES,51
29,Queens,FELONY,THEFT-FRAUD,121
30,Queens,FELONY,GRAND LARCENY,1
30,Queens,FELONY,SEX CRIMES,1
30,Queens,FELONY,ARSON,13
30,Queens,FELONY,BURGLARY,332
30,Queens,FELONY,CRIMINAL MISCHIEF & RELATED OF,453
30,Queens,FELONY,DANGEROUS DRUGS,165
30,Queens,FELONY,DANGEROUS WEAPONS,119
30,Queens,FELONY,FELONY ASSAULT,681
30,Queens,FELONY,FELONY SEX CRIMES,1
30,Queens,FELONY,FORGERY,176
30,Queens,FELONY,GRAND LARCENY,1537
30,Queens,FELONY,GRAND LARCENY OF MOTOR VEHICLE,291
30,Queens,FELONY,KIDNAPPING,1
30,Queens,FELONY,KIDNAPPING & RELATED OFFENSES,9
30,Queens,FELONY,MISCELLANEOUS PENAL LAW,593
30,Queens,FELONY,NYS LAWS-UNCLASSIFIED FELONY,16
30,Queens,FELONY,POSSESSION OF STOLEN PROPERTY,39
30,Queens,FELONY,RAPE,95
30,Queens,FELONY,ROBBERY,400
30,Queens,FELONY,SEX CRIMES,84
30,Queens,FELONY,THEFT-FRAUD,148
31,Staten Island,FELONY,GRAND LARCENY,1
31,Staten Island,FELONY,ARSON,1
31,Staten Island,FELONY,ARSON,33
31,Staten Island,FELONY,BURGLARY,281
31,Staten Island,FELONY,CHILD ABANDONMENT/NON SUPPORT,1
31,Staten Island,FELONY,CRIMINAL MISCHIEF & RELATED OF,498
31,Staten Island,FELONY,DANGEROUS DRUGS,212
31,Staten Island,FELONY,DANGEROUS WEAPONS,169
31,Staten Island,FELONY,ENDAN WELFARE INCOMP,3
31,Staten Island,FELONY,FELONY ASSAULT,616
31,Staten Island,FELONY,FELONY SEX CRIMES,2
31,Staten Island,FELONY,FORGERY,101
31,Staten Island,FELONY,GRAND LARCENY,1044
31,Staten Island,FELONY,GRAND LARCENY OF MOTOR VEHICLE,177
31,Staten Island,FELONY,"HOMICIDE-NEGLIGENT,UNCLASSIFIE",1
31,Staten Island,FELONY,KIDNAPPING,2
31,Staten Island,FELONY,KIDNAPPING & RELATED OFFENSES,2
31,Staten Island,FELONY,MISCELLANEOUS PENAL LAW,878
31,Staten Island,FELONY,NYS LAWS-UNCLASSIFIED FELONY,62
31,Staten Island,FELONY,OTHER STATE LAWS (NON PENAL LA,11
31,Staten Island,FELONY,POSSESSION OF STOLEN PROPERTY,26
31,Staten Island,FELONY,RAPE,54
31,Staten Island,FELONY,ROBBERY,227
31,Staten Island,FELONY,SEX CRIMES,56
31,Staten Island,FELONY,THEFT-FRAUD,221
32,Brooklyn,FELONY,ARSON,12
32,Brooklyn,FELONY,BURGLARY,238
32,Brooklyn,FELONY,CHILD ABANDONMENT/NON SUPPORT,1
32,Brooklyn,FELONY,CRIMINAL MISCHIEF & RELATED OF,128
32,Brooklyn,FELONY,DANGEROUS DRUGS,104
32,Brooklyn,FELONY,DANGEROUS WEAPONS,38
32,Brooklyn,FELONY,FELONY ASSAULT,342
32,Brooklyn,FELONY,FORGERY,47
32,Brooklyn,FELONY,GRAND LARCENY,524
32,Brooklyn,FELONY,GRAND LARCENY OF MOTOR VEHICLE,112
32,Brooklyn,FELONY,MISCELLANEOUS PENAL LAW,189
32,Brooklyn,FELONY,NYS LAWS-UNCLASSIFIED FELONY,10
32,Brooklyn,FELONY,POSSESSION OF STOLEN PROPERTY,5
32,Brooklyn,FELONY,RAPE,31
32,Brooklyn,FELONY,ROBBERY,254
32,Brooklyn,FELONY,SEX CRIMES,33
32,Brooklyn,FELONY,THEFT-FRAUD,57
32,Brooklyn,FELONY,GRAND LARCENY,1
32,Brooklyn,FELONY,ROBBERY,3
